Node Name,Manufacturer,Brand,TitleKeyword
Laptops,,,
Laptops,,,Laptop
Laptops,,,Notebook
Laptops,,,Macbook
Laptops,Dell,Dell,
Laptops,Dell,Dell,Inspiron
Laptops,Dell,Dell,Laptop
Laptops,Dell,Dell,Notebook
Laptops,Acer,Acer,
Laptops,Acer,Acer,Aspire
Laptops,Acer,Acer,Notebook
Laptops,Acer,Acer,Laptop
Laptops,Toshiba,Toshiba,
Laptops,Toshiba,Toshiba,Satellite
Laptops,Toshiba,Toshiba,Laptop
Laptops,Toshiba,Toshiba,Notebook
Laptops,HP,HP,
Laptops,HP,HP,Pavilion
Laptops,HP,HP,Stream
Laptops,HP,HP,Notebook
Laptops,Apple,Apple,
Laptops,Apple,Apple,iBook
Laptops,Apple,Apple,MacBook
Laptops,Apple,Apple,Laptop
Laptops,Sony,Sony,
Laptops,Sony,Sony,VAIO
Laptops,Sony,Sony,Ultrabook
Laptops,Sony,Sony,Notebook
Laptops,Sony,Sony,Laptop
Camera & Photo,,, 
Camera & Photo,,,Interchangeable Lens
Camera & Photo,,,Digital Camera
Camera & Photo,,,Tripod
Camera & Photo,Sony,Sony,
Camera & Photo,Sony,Sony,Interchangeable Lens
Camera & Photo,Sony,Sony,Digital Camera
Camera & Photo,Sony,Sony,Tripod
Camera & Photo,Nikon,Nikon,
Camera & Photo,Nikon,Nikon,Interchangeable Lens
Camera & Photo,Nikon,Nikon,Digital Camera
Camera & Photo,Nikon,Nikon,Tripod
Camera & Photo,Canon,Canon,
Camera & Photo,Canon,Canon,Interchangeable Lens
Camera & Photo,Canon,Canon,Digital Camera
Camera & Photo,Canon,Canon,Tripod
Video Game Consoles & Accessories,,,
Video Game Consoles & Accessories,,,PlayStation
Video Game Consoles & Accessories,,,Xbox
Video Game Consoles & Accessories,,,PS4
Video Game Consoles & Accessories,,,Console
Video Game Consoles & Accessories,,,Bundle
Video Game Consoles & Accessories,,,PS3
Video Game Consoles & Accessories,,,PSP
Video Game Consoles & Accessories,,,PSPgo
Video Game Consoles & Accessories,,,DualShock
Video Game Consoles & Accessories,,,Controller
Video Game Consoles & Accessories,,,Game
Video Game Consoles & Accessories,,,Head
Video Game Consoles & Accessories,Sony,Sony,
Video Game Consoles & Accessories,Sony,Sony,PlayStation
Video Game Consoles & Accessories,Sony,Sony,Xbox
Video Game Consoles & Accessories,Sony,Sony,PS4
Video Game Consoles & Accessories,Microsoft,Microsoft,
Video Game Consoles & Accessories,Microsoft,Microsoft,PlayStation
Video Game Consoles & Accessories,Microsoft,Microsoft,Xbox
Video Game Consoles & Accessories,Microsoft,Microsoft,PS4
Video Game Consoles & Accessories,Microsoft,Microsoft,Console
Video Game Consoles & Accessories,Microsoft,Microsoft,Bundle
Video Game Consoles & Accessories,Microsoft,Microsoft,PS3
Video Game Consoles & Accessories,Microsoft,Microsoft,PSP
Video Game Consoles & Accessories,Microsoft,Microsoft,PSPgo
Video Game Consoles & Accessories,Microsoft,Microsoft,DualShock
Video Game Consoles & Accessories,Microsoft,Microsoft,Controller
Video Game Consoles & Accessories,Microsoft,Microsoft,Game
Video Game Consoles & Accessories,Microsoft,Microsoft,Head
Video Game Consoles & Accessories,Nintendo,Nintendo,
Video Game Consoles & Accessories,Nintendo,Nintendo,Wii U
Video Game Consoles & Accessories,Nintendo,Nintendo,Wii
Video Game Consoles & Accessories,Nintendo,Nintendo,3DS
Video Game Consoles & Accessories,Sony,Sony,Console
Video Game Consoles & Accessories,Sony,Sony,Bundle
Video Game Consoles & Accessories,Sony,Sony,PS3
Video Game Consoles & Accessories,Sony,Sony,PSP
Video Game Consoles & Accessories,Sony,Sony,PSPgo
Video Game Consoles & Accessories,Sony,Sony,DualShock
Video Game Consoles & Accessories,Sony,Sony,Controller
Video Game Consoles & Accessories,Sony,Sony,Game
Video Game Consoles & Accessories,Sony,Sony,Head
Video Game Consoles & Accessories,Nintendo,Nintendo,Console
Video Game Consoles & Accessories,Nintendo,Nintendo,Bundle
Video Game Consoles & Accessories,Nintendo,Nintendo,PS3
Video Game Consoles & Accessories,Nintendo,Nintendo,PSP
Video Game Consoles & Accessories,Nintendo,Nintendo,PSPgo
Video Game Consoles & Accessories,Nintendo,Nintendo,DualShock
Video Game Consoles & Accessories,Nintendo,Nintendo,Controller
Video Game Consoles & Accessories,Nintendo,Nintendo,Game
Video Game Consoles & Accessories,Nintendo,Nintendo,Head
Furniture,,,bathroom furniture sets
Furniture,,,audio video component shelves
Furniture,,,entertainment armoires
Furniture,,,home entertainment centers OR television stands  
Furniture,,,home office furniture
Furniture,,,computer armoires OR computer hutches  
Furniture,,,futons
Furniture,,,futon frames
Furniture,,,Furniture,,,sofas
Furniture,,,standard sofas
Furniture,,,coffee tables
Furniture,,,end tables
Furniture,,,dinnerware sets
Furniture,,,cold food tables
Furniture,,,commercial espresso and coffee makers
Furniture,,,commercial restaurant sinks
Furniture,,,commercial cooking equipment
Furniture,,,commercial deep fryers
Furniture,,,commercial microwaves
Furniture,,,commercial ovens

